Workbook

Sheet Samsung
A1: Date | B1: Price | C1: Open | D1: High | E1: Low | F1: Volume | G1: Change % | I1: Source: user-uploaded CSV export
A2: 44197 | B2: 82000 | C2: 81000 | D2: 96800 | E2: 80200 | F2: 749960000 | G2: 0.0123
A3: 44228 | B3: 82500 | C3: 81700 | D3: 86400 | E3: 81000 | F3: 422570000 | G3: 0.0061
A4: 44256 | B4: 81400 | C4: 85100 | D4: 85300 | E4: 80600 | F4: 378660000 | G4: -0.0133
A5: 44287 | B5: 81500 | C5: 82500 | D5: 86200 | E5: 81500 | F5: 368610000 | G5: 0.0012
A6: 44317 | B6: 80500 | C6: 81000 | D6: 83500 | E6: 78400 | F6: 344650000 | G6: -0.0123
A7: 44348 | B7: 80700 | C7: 80500 | D7: 83000 | E7: 79600 | F7: 325980000 | G7: 0.0025
A8: 44378 | B8: 78500 | C8: 80500 | D8: 81300 | E8: 78100 | F8: 270320000 | G8: -0.0273
A9: 44409 | B9: 76700 | C9: 79200 | D9: 83300 | E9: 72500 | F9: 493090000 | G9: -0.0229
A10: 44440 | B10: 74100 | C10: 76700 | D10: 77800 | E10: 73700 | F10: 275500000 | G10: -0.0339
A11: 44470 | B11: 69800 | C11: 73900 | D11: 74000 | E11: 68300 | F11: 296270000 | G11: -0.058
A12: 44501 | B12: 71300 | C12: 70200 | D12: 76200 | E12: 69600 | F12: 309320000 | G12: 0.0215
A13: 44531 | B13: 78300 | C13: 72000 | D13: 80800 | E13: 71600 | F13: 335510000 | G13: 0.0982
... A62: 46023 | B62: 160500 | C62: 120200 | D62: 166600 | E62: 120200 | F62: 639190000 | G62: 0.3386

Sheet Apple
A1: Date | B1: Price | C1: Open | D1: High | E1: Low | F1: Volume | G1: Change % | I1: Source: user-uploaded CSV export
A2: 44197 | B2: 131.96 | C2: 133.52 | D2: 145.09 | E2: 126.38 | F2: 2240000000 | G2: -0.0055
A3: 44228 | B3: 121.26 | C3: 133.75 | D3: 137.88 | E3: 118.39 | F3: 1830000000 | G3: -0.0811
A4: 44256 | B4: 122.15 | C4: 123.75 | D4: 128.72 | E4: 116.21 | F4: 2650000000 | G4: 0.0073
A5: 44287 | B5: 131.46 | C5: 123.66 | D5: 137.07 | E5: 122.49 | F5: 1890000000 | G5: 0.0762
A6: 44317 | B6: 124.61 | C6: 132.04 | D6: 134.07 | E6: 122.25 | F6: 1710000000 | G6: -0.0521
A7: 44348 | B7: 136.96 | C7: 125.08 | D7: 137.41 | E7: 123.13 | F7: 1610000000 | G7: 0.0991
A8: 44378 | B8: 145.86 | C8: 136.6 | D8: 150 | E8: 135.76 | F8: 1920000000 | G8: 0.065
A9: 44409 | B9: 151.83 | C9: 146.36 | D9: 153.49 | E9: 144.5 | F9: 1460000000 | G9: 0.0409
A10: 44440 | B10: 141.5 | C10: 152.83 | D10: 157.26 | E10: 141.27 | F10: 1800000000 | G10: -0.068
A11: 44470 | B11: 149.8 | C11: 141.9 | D11: 153.16 | E11: 138.27 | F11: 1570000000 | G11: 0.0587
A12: 44501 | B12: 165.3 | C12: 148.99 | D12: 165.7 | E12: 147.48 | F12: 1690000000 | G12: 0.1035
A13: 44531 | B13: 177.57 | C13: 167.48 | D13: 182.13 | E13: 157.8 | F13: 2450000000 | G13: 0.0742
... A62: 46023 | B62: 259.48 | C62: 272.26 | D62: 277.84 | E62: 243.42 | F62: 1040000000 | G62: -0.0455

Sheet Analysis
A1: Samsung vs Apple — Monthly Stock Analysis (Jan 2021 – Jan 2026)
A3: Metric | B3: Samsung | C3: Apple
A4: Average Monthly Close | B4: =AVERAGE(Samsung!B2:B62) -> 72296.721 | C4: =AVERAGE(Apple!B2:B62) -> 184.49918
A5: Median Monthly Close | B5: =MEDIAN(Samsung!B2:B62) -> 71300 | C5: =MEDIAN(Apple!B2:B62) -> 174.78
A6: Highest Close | B6: =MAX(Samsung!B2:B62) -> 160500 | C6: =MAX(Apple!B2:B62) -> 278.85
A7: Lowest Close | B7: =MIN(Samsung!B2:B62) -> 52400 | C7: =MIN(Apple!B2:B62) -> 121.26
A8: Std Dev of Close (monthly) | B8: =_xlfn.STDEV.S(Samsung!B2:B62) -> 17213.696 | C8: =_xlfn.STDEV.S(Apple!B2:B62) -> 41.831012
A9: Average Monthly Volume | B9: =AVERAGE(Samsung!F2:F62) -> 3.5526426e+08 | C9: =AVERAGE(Apple!F2:F62) -> 1.4539508e+09
A10: Average Monthly Change % | B10: =AVERAGE(Samsung!G2:G62) -> 0.015395082 | C10: =AVERAGE(Apple!G2:G62) -> 0.013468852
A11: Std Dev of Monthly Change % (volatility) | B11: =_xlfn.STDEV.S(Samsung!G2:G62) -> 0.094661945 | C11: =_xlfn.STDEV.S(Apple!G2:G62) -> 0.070575535
A12: Best Month (Change %) | B12: =MAX(Samsung!G2:G62) -> 0.3386 | C12: =MAX(Apple!G2:G62) -> 0.1886
A13: Worst Month (Change %) | B13: =MIN(Samsung!G2:G62) -> -0.1723 | C13: =MIN(Apple!G2:G62) -> -0.1223
A15: Correlation of Monthly Returns (Samsung vs Apple) | B15: =CORREL(Samsung!G2:G62,Apple!G2:G62) -> 0.25456613
A16: Note: Volatility = standard deviation of monthly % change. Data cleaned from raw CSV exports (commas and M/B volume suffixes removed).
A19: Indexed Price Comparison (Jan 2021 = 100)
A20: Date | B20: Samsung (Indexed) | C20: Apple (Indexed)
A21: =Samsung!A2 -> 44197 | B21: =Samsung!B2/Samsung!$B$2*100 -> 100 | C21: =Apple!B2/Apple!$B$2*100 -> 100
A22: =Samsung!A3 -> 44228 | B22: =Samsung!B3/Samsung!$B$2*100 -> 100.60976 | C22: =Apple!B3/Apple!$B$2*100 -> 91.891482
A23: =Samsung!A4 -> 44256 | B23: =Samsung!B4/Samsung!$B$2*100 -> 99.268293 | C23: =Apple!B4/Apple!$B$2*100 -> 92.565929
A24: =Samsung!A5 -> 44287 | B24: =Samsung!B5/Samsung!$B$2*100 -> 99.390244 | C24: =Apple!B5/Apple!$B$2*100 -> 99.621097
A25: =Samsung!A6 -> 44317 | B25: =Samsung!B6/Samsung!$B$2*100 -> 98.170732 | C25: =Apple!B6/Apple!$B$2*100 -> 94.43013
A26: =Samsung!A7 -> 44348 | B26: =Samsung!B7/Samsung!$B$2*100 -> 98.414634 | C26: =Apple!B7/Apple!$B$2*100 -> 103.78903
A27: =Samsung!A8 -> 44378 | B27: =Samsung!B8/Samsung!$B$2*100 -> 95.731707 | C27: =Apple!B8/Apple!$B$2*100 -> 110.53349
A28: =Samsung!A9 -> 44409 | B28: =Samsung!B9/Samsung!$B$2*100 -> 93.536585 | C28: =Apple!B9/Apple!$B$2*100 -> 115.05759
A29: =Samsung!A10 -> 44440 | B29: =Samsung!B10/Samsung!$B$2*100 -> 90.365854 | C29: =Apple!B10/Apple!$B$2*100 -> 107.22946
A30: =Samsung!A11 -> 44470 | B30: =Samsung!B11/Samsung!$B$2*100 -> 85.121951 | C30: =Apple!B11/Apple!$B$2*100 -> 113.51925
A31: =Samsung!A12 -> 44501 | B31: =Samsung!B12/Samsung!$B$2*100 -> 86.95122 | C31: =Apple!B12/Apple!$B$2*100 -> 125.26523
A32: =Samsung!A13 -> 44531 | B32: =Samsung!B13/Samsung!$B$2*100 -> 95.487805 | C32: =Apple!B13/Apple!$B$2*100 -> 134.5635
... A81: =Samsung!A62 -> 46023 | B81: =Samsung!B62/Samsung!$B$2*100 -> 195.73171 | C81: =Apple!B62/Apple!$B$2*100 -> 196.63534
